{
  "project_info": {
    "project_number": "240463251821",
    "project_id": "summary-27e7f",
    "storage_bucket": "summary-27e7f.appspot.com"
  },
  "client": [
    {
      "client_info": {
        "mobilesdk_app_id": "1:240463251821:android:5ca439a28f01a3ca147264",
        "android_client_info": {
          "package_name": "com.example.summary"
        }
      },
      "oauth_client": [],
      "api_key": [
        {
          "current_key": "AIzaSyCb-T1yjf94faSL369QGSmbMfJelJTlWUE"
        }
      ],
      "services": {
        "appinvite_service": {
          "other_platform_oauth_client": []
        }
      }
    }
  ],
  "configuration_version": "1"
}